BEGIN TRANSACTION;
CREATE TABLE arboles (
        clave INTEGER PRIMARY KEY NOT NULL,
        latitud REAL NOT NULL,
        longitud REAL NOT NULL,
        areaCopa REAL NOT NULL,
        primero INTEGER NOT NULL,
        arbolIzq INTEGER,
        arbolDer INTEGER,
        id_parcelas INTEGER NOT NULL,
        FOREIGN KEY(arbolIzq) REFERENCES arboles(clave),
        FOREIGN KEY(arbolDer) REFERENCES arboles(clave),
        FOREIGN KEY(id_parcelas) REFERENCES parcelas(clave));
INSERT INTO "arboles" VALUES(1,1.67747680993356702572e+02,5.38691232361344418677e+00,3.25091384941735084268e+02,1,NULL,NULL,22);
INSERT INTO "arboles" VALUES(2,1.77425949824623501172e+02,8.67752629774853190269e+01,1.28777377644029833447e+02,1,NULL,NULL,22);
INSERT INTO "arboles" VALUES(3,4.37605485537609162349e+01,5.33668896246421731177e+01,2.28753957026001186747e+02,1,NULL,NULL,22);
INSERT INTO "arboles" VALUES(4,4.5710195933486179598e+01,-49.9318534596486,6.86832801256543667989e+02,0,NULL,NULL,22);
INSERT INTO "arboles" VALUES(5,-98.9767450112804,-6.42115340375361220992e+01,2.59850058474810907682e+02,1,NULL,NULL,22);
INSERT INTO "arboles" VALUES(6,-8.623301494239425935e+01,-3.73854019474629239994e+01,2.02727755401007847524e+02,1,NULL,NULL,22);
INSERT INTO "arboles" VALUES(7,-1.64834870761215945833e+02,5.09718259750615043657e+01,1.88429178384946389712e+02,0,NULL,NULL,22);
INSERT INTO "arboles" VALUES(8,-2.21124695586122488322e+01,-5.14675496649553920747e+01,1.52685196067576844924e+02,1,NULL,NULL,22);
INSERT INTO "arboles" VALUES(9,1.27467211713949613027e+02,-4.12671437978828414827e+01,5.74489540591696101756e+02,1,NULL,NULL,22);
INSERT INTO "arboles" VALUES(10,-1.25235898836733738903e+02,4.59480676564887424717e+01,1.74982308157099559764e+02,1,NULL,NULL,22);
INSERT INTO "arboles" VALUES(11,9.70099794636278112136e+01,3.81845240324033738943e+01,3.19773745240539364331e+02,0,NULL,NULL,22);
INSERT INTO "arboles" VALUES(12,-8.32602626989025296211e+01,3.09068738889443617168e+01,2.88765206941056806755e+02,1,NULL,NULL,22);
INSERT INTO "arboles" VALUES(13,-1.68267418240758388492e+01,-6.03471500539996696943e+01,3.50581326521593306111e+01,1,NULL,NULL,22);
INSERT INTO "arboles" VALUES(14,-1.0132042207031757286e+02,5.32913574234442499744e+01,8.74854830609969269517e+01,0,NULL,NULL,22);
INSERT INTO "arboles" VALUES(15,-8.35848905176390744031e+01,7.31752251534518904918e+00,5.49810837870136737137e+02,0,NULL,NULL,22);
INSERT INTO "arboles" VALUES(16,-6.43827754508060756677e+01,6.15723444819983267706e+01,2.0726593160972024421e+02,1,NULL,NULL,22);
INSERT INTO "arboles" VALUES(17,-9.23507467862054554075e+01,-3.14314085625274231006e+01,328.475735385535,0,NULL,NULL,22);
INSERT INTO "arboles" VALUES(18,-1.62351596488109661819e+02,-8.47413350770922768617e+01,1.16944151940227625274e+02,0,NULL,NULL,22);
INSERT INTO "arboles" VALUES(19,-171.417436378751,2.81238093383563949601e+01,2.36351975681503967408e+02,1,NULL,NULL,22);
INSERT INTO "arboles" VALUES(20,1.19605058273091291454e+02,-4.96224538668127301832e+01,4.28362693772176061912e+02,1,NULL,NULL,22);
INSERT INTO "arboles" VALUES(21,-74.4968729178014,-8.53412403256527341e+00,6.95918464857782126387e+02,1,NULL,NULL,22);
INSERT INTO "arboles" VALUES(22,-4.86180193216017642043e+00,8.79083692369093583351e+01,3.94755393400207577059e+02,0,NULL,NULL,22);
INSERT INTO "arboles" VALUES(23,-1.2305632505421508771e+02,-8.45399974125985131934e+01,1.38763862699123240673e+02,0,NULL,NULL,22);
INSERT INTO "arboles" VALUES(24,-6.43682398586683923724e+01,-6.74025218191177621918e+01,68.2845372900033,1,NULL,NULL,22);
INSERT INTO "arboles" VALUES(25,6.87070971443453082372e+01,4.49405475695630496346e+01,1.48811356641940761846e+01,0,NULL,NULL,22);
INSERT INTO "arboles" VALUES(26,5.4983544333453977515e+01,4.27884312613431649907e+01,2.42774410687369268657e+02,1,NULL,NULL,22);
INSERT INTO "arboles" VALUES(27,6.729396091114603351e+01,-1.18911882364443366455e+01,3.03313481178899779777e+02,0,NULL,NULL,22);
INSERT INTO "arboles" VALUES(28,2.55147285738545992472e+01,-50.0265309391273,2.72167079389049959559e+02,0,NULL,NULL,22);
INSERT INTO "arboles" VALUES(29,-1.73139135519120168638e+02,2.87118763771100447002e+01,1.0640244003591925459e+02,1,NULL,NULL,22);
CREATE TABLE arboles_faltantes (
        clave INTEGER PRIMARY KEY NOT NULL,
        id_imagenes INTEGER NOT NULL,
        id_arboles INTEGER NOT NULL,
        FOREIGN KEY(id_imagenes) REFERENCES imagenes(clave),
        FOREIGN KEY(id_arboles) REFERENCES arboles(clave));
INSERT INTO "arboles_faltantes" VALUES(1,5,28);
INSERT INTO "arboles_faltantes" VALUES(2,5,28);
INSERT INTO "arboles_faltantes" VALUES(3,5,28);
INSERT INTO "arboles_faltantes" VALUES(4,5,28);
INSERT INTO "arboles_faltantes" VALUES(5,5,28);
INSERT INTO "arboles_faltantes" VALUES(6,5,28);
INSERT INTO "arboles_faltantes" VALUES(7,5,28);
INSERT INTO "arboles_faltantes" VALUES(8,5,28);
INSERT INTO "arboles_faltantes" VALUES(9,5,28);
INSERT INTO "arboles_faltantes" VALUES(10,5,28);
INSERT INTO "arboles_faltantes" VALUES(11,5,28);
INSERT INTO "arboles_faltantes" VALUES(12,5,28);
INSERT INTO "arboles_faltantes" VALUES(13,5,28);
INSERT INTO "arboles_faltantes" VALUES(14,5,28);
INSERT INTO "arboles_faltantes" VALUES(15,5,28);
INSERT INTO "arboles_faltantes" VALUES(16,5,28);
INSERT INTO "arboles_faltantes" VALUES(17,5,28);
INSERT INTO "arboles_faltantes" VALUES(18,5,28);
INSERT INTO "arboles_faltantes" VALUES(19,5,28);
INSERT INTO "arboles_faltantes" VALUES(20,5,28);
INSERT INTO "arboles_faltantes" VALUES(21,5,28);
INSERT INTO "arboles_faltantes" VALUES(22,5,28);
INSERT INTO "arboles_faltantes" VALUES(23,5,28);
INSERT INTO "arboles_faltantes" VALUES(24,5,28);
CREATE TABLE bloques (
        clave INTEGER PRIMARY KEY NOT NULL,
        color TEXT NOT NULL,
        tipoSuelo TEXT NOT NULL,
        id_repeticiones INTEGER NOT NULL,
        FOREIGN KEY(id_repeticiones) REFERENCES repeticiones(clave));
INSERT INTO "bloques" VALUES(1,'SioU','kVtRQP47',27);
CREATE TABLE clones (
        clave INTEGER PRIMARY KEY NOT NULL,
        nro INTEGER NOT NULL);
INSERT INTO "clones" VALUES(1,179);
INSERT INTO "clones" VALUES(2,950);
INSERT INTO "clones" VALUES(3,458);
INSERT INTO "clones" VALUES(4,587);
INSERT INTO "clones" VALUES(5,462);
INSERT INTO "clones" VALUES(6,814);
INSERT INTO "clones" VALUES(7,642);
INSERT INTO "clones" VALUES(8,245);
INSERT INTO "clones" VALUES(9,169);
INSERT INTO "clones" VALUES(10,310);
INSERT INTO "clones" VALUES(11,857);
INSERT INTO "clones" VALUES(12,220);
INSERT INTO "clones" VALUES(13,130);
INSERT INTO "clones" VALUES(14,714);
INSERT INTO "clones" VALUES(15,581);
INSERT INTO "clones" VALUES(16,939);
INSERT INTO "clones" VALUES(17,303);
INSERT INTO "clones" VALUES(18,968);
INSERT INTO "clones" VALUES(19,271);
INSERT INTO "clones" VALUES(20,208);
INSERT INTO "clones" VALUES(21,823);
INSERT INTO "clones" VALUES(22,732);
INSERT INTO "clones" VALUES(23,737);
INSERT INTO "clones" VALUES(24,406);
INSERT INTO "clones" VALUES(25,840);
CREATE TABLE ensayos (
        clave INTEGER PRIMARY KEY NOT NULL,
        nro INTEGER NOT NULL,
        establecimiento TEXT NOT NULL,
        nroCuadro INTEGER NOT NULL,
        suelo TEXT NOT NULL,
        espaciamientoX TEXT NOT NULL,
        espaciamientoY TEXT NOT NULL,
        plantasHa INTEGER NOT NULL,
        fechaPlantacion TEXT NOT NULL,
        nroTratamientos INTEGER NOT NULL,
        totalPlantas INTEGER NOT NULL,
        totalHas INTEGER NOT NULL,
        plantasParcela INTEGER NOT NULL,
        tipoClonal TEXT NOT NULL,
        nroRepeticiones INTEGER NOT NULL);
INSERT INTO "ensayos" VALUES(1,535,'foGdIxTLigEhfX4k',223,'588','144','565',902,'2012-06-01 00:00:00',221,650,336,889,'I9my',377);
INSERT INTO "ensayos" VALUES(2,329,'k3Kel51p2eJHCFhH',184,'471','578','293',947,'2012-02-10 00:00:00',488,666,789,670,'63xs',500);
INSERT INTO "ensayos" VALUES(3,206,'Ziqsc2JycrhrL7n0',291,'409','743','940',506,'2018-04-20 00:00:00',313,638,697,182,'FNl5',893);
INSERT INTO "ensayos" VALUES(4,976,'MmQ8UJqVYin5aJVj',566,'418','263','556',776,'2018-12-25 00:00:00',150,212,753,271,'Wg5Z',629);
INSERT INTO "ensayos" VALUES(5,747,'fHWNnoCZRqRk8yks',212,'158','965','388',574,'2011-02-21 00:00:00',565,779,793,923,'sji7',646);
INSERT INTO "ensayos" VALUES(6,578,'wZHmYSjwCzFvHgup',355,'257','265','550',889,'2016-07-17 00:00:00',204,307,957,689,'WAJU',929);
CREATE TABLE imagenes (
        clave INTEGER PRIMARY KEY NOT NULL,
        etapa INTEGER NOT NULL,
        fecha TEXT NOT NULL,
        url TEXT NOT NULL,
        largo REAL NOT NULL,
        ancho REAL NOT NULL,
        latitud REAL NOT NULL,
        longitud REAL NOT NULL,
        altitud REAL NOT NULL,
        latitudCono1 REAL NOT NULL,
        longitudCono1 REAL NOT NULL,
        latitudCono2 REAL NOT NULL,
        longitudCono2 REAL NOT NULL,
        id_repeticiones INTEGER NOT NULL,
        FOREIGN KEY(id_repeticiones) REFERENCES repeticiones(clave));
INSERT INTO "imagenes" VALUES(1,848,'2013-08-10 00:00:00','lxfo7r4M7lDSYp1MuW6ZD5Dym6ELSoTSXKNz5qDIRLy2AJAbGbEyUBiV3sgPuDsAK7vDBQzORlzrOlZ3cyrTzyTDsfZZv7ITH6RenXVViqiIhwl35AfvKJ1Hq9o9JJqX',1.58564352908411354547e+02,7.39483612782989752076e+02,-1.07092524976618164167e+02,7.35637755776045310085e+01,5.07806057439118685437e+02,-5.23665514135550314023e+01,-8.59993026754718,3.2256874727148754367e+01,4.34789312655134363438e+01,16);
INSERT INTO "imagenes" VALUES(2,145,'2014-09-10 00:00:00','WJybFsKPT4pzVAspPLMiOOK5v8f3BiV43yv7ib7IrjqmIl3FzkSiXp9H7Z3xtfFJZzodxgZbsB3B41MIwKiuesCcR0Lye6GqFnOVPBDHBBePRbwE23VuB9vxFD7uSOwE',7.25687663124137305459e+01,9.16430147296460795303e+00,-1.3870103389427945828e+02,7.48571648227845720668e+01,9.30421227369897607673e+01,-1.732552229124078913e+02,-2.19769628970128838574e+01,9.2020041006289936547e+01,2.29774720351357064629e+01,16);
INSERT INTO "imagenes" VALUES(3,752,'2016-10-05 00:00:00','a1QV3dXTqpcYW2arOk38MSxxk7d383dnOLWLlkdcQFfdb8cgorN0DTems3sGcfUL1Aj858Box9S2bmtXIz9z1F2NzsnlI03uBg1yzOZTUgSIzSUuIcKjdnJ58F5BEUez',1.38130269368563695309e+02,2.25422723509125599861e+01,1.58260600801094213352e+02,5.24448949037407352591e+01,7.79249263074040676713e+00,1.25790517982474692182e+02,-58.7724240724866,-1.75797518386982147831e+02,7.20685092298416485334e+01,16);
INSERT INTO "imagenes" VALUES(4,704,'2012-01-01 00:00:00','DzgeJEStrZinJvBrd9SlWSBJGuSftkIOX3kMm99TAw7PmXRrGbzpoYFxrOLH8ur3TZKJDhXmlIDPwdzqgXFFJLOVH7UxaERJMSnEzczAypZHh5rAa2ETOfMCDws4Zq51',1.64479685116009566314e+02,1.27818813286857801969e+02,-4.67835515543215763045e+01,-7.54720224683755702699e+00,5.66470575139892407179e+02,5.46681145964220149835e+00,6.2737107111847141283e+01,-1.13121817590265716368e+02,2.1024526422643559087e+01,16);
INSERT INTO "imagenes" VALUES(5,958,'2008-06-25 00:00:00','6arfq25msjQLbH0s9XFFHmCazuXd7Rwjuk6d8XqKrUUTIxZrKLMvbHM3XibB8MM7hD35Pu8dVaMlCIuBigVnXjuTClEfoKfmd8xDud9Ub3MQvm9MVsNUBbSRbzDNOaGh',3.58109031337578409548e+02,4.96400857662022065852e+02,4.38247302064895372097e+01,-8.39174945099345492849e+01,1.54995376506072286559e+02,-5.61561941181869439532e+01,-1.7657634674251696083e+01,-8.09938126736251895465e+01,5.70208770870421766119e+01,16);
CREATE TABLE parcelas (
        clave INTEGER PRIMARY KEY NOT NULL,
        fila INTEGER NOT NULL,
        columna INTEGER NOT NULL,
        id_bloques INTEGER NOT NULL,
        id_clones INTEGER NOT NULL,
        FOREIGN KEY(id_bloques) REFERENCES bloques(clave),
        FOREIGN KEY(id_clones) REFERENCES clones(clave));
INSERT INTO "parcelas" VALUES(1,903,528,1,14);
INSERT INTO "parcelas" VALUES(2,622,461,1,14);
INSERT INTO "parcelas" VALUES(3,980,164,1,14);
INSERT INTO "parcelas" VALUES(4,918,791,1,14);
INSERT INTO "parcelas" VALUES(5,277,447,1,14);
INSERT INTO "parcelas" VALUES(6,198,428,1,14);
INSERT INTO "parcelas" VALUES(7,908,303,1,14);
INSERT INTO "parcelas" VALUES(8,759,662,1,14);
INSERT INTO "parcelas" VALUES(9,646,614,1,14);
INSERT INTO "parcelas" VALUES(10,574,271,1,14);
INSERT INTO "parcelas" VALUES(11,767,828,1,14);
INSERT INTO "parcelas" VALUES(12,946,458,1,14);
INSERT INTO "parcelas" VALUES(13,845,536,1,14);
INSERT INTO "parcelas" VALUES(14,317,480,1,14);
INSERT INTO "parcelas" VALUES(15,576,270,1,14);
INSERT INTO "parcelas" VALUES(16,278,171,1,14);
INSERT INTO "parcelas" VALUES(17,508,276,1,14);
INSERT INTO "parcelas" VALUES(18,767,899,1,14);
INSERT INTO "parcelas" VALUES(19,959,130,1,14);
INSERT INTO "parcelas" VALUES(20,684,265,1,14);
INSERT INTO "parcelas" VALUES(21,385,720,1,14);
INSERT INTO "parcelas" VALUES(22,327,418,1,14);
INSERT INTO "parcelas" VALUES(23,946,786,1,14);
INSERT INTO "parcelas" VALUES(24,643,834,1,14);
INSERT INTO "parcelas" VALUES(25,449,829,1,14);
INSERT INTO "parcelas" VALUES(26,971,339,1,14);
INSERT INTO "parcelas" VALUES(27,958,317,1,14);
INSERT INTO "parcelas" VALUES(28,621,420,1,14);
CREATE TABLE repeticiones (
        clave INTEGER PRIMARY KEY NOT NULL,
        nro INTEGER NOT NULL,
        nroFilas INTEGER NOT NULL,
        nroColumnas INTEGER NOT NULL,
        id_ensayos INTEGER NOT NULL, 
        FOREIGN KEY(id_ensayos) REFERENCES ensayos(clave));
INSERT INTO "repeticiones" VALUES(1,123,822,709,6);
INSERT INTO "repeticiones" VALUES(2,715,552,570,6);
INSERT INTO "repeticiones" VALUES(3,907,377,422,6);
INSERT INTO "repeticiones" VALUES(4,198,299,813,6);
INSERT INTO "repeticiones" VALUES(5,201,605,348,6);
INSERT INTO "repeticiones" VALUES(6,474,340,134,6);
INSERT INTO "repeticiones" VALUES(7,354,561,739,6);
INSERT INTO "repeticiones" VALUES(8,167,499,746,6);
INSERT INTO "repeticiones" VALUES(9,282,588,524,6);
INSERT INTO "repeticiones" VALUES(10,931,776,687,6);
INSERT INTO "repeticiones" VALUES(11,215,722,332,6);
INSERT INTO "repeticiones" VALUES(12,552,612,130,6);
INSERT INTO "repeticiones" VALUES(13,360,206,271,6);
INSERT INTO "repeticiones" VALUES(14,551,726,320,6);
INSERT INTO "repeticiones" VALUES(15,870,483,751,6);
INSERT INTO "repeticiones" VALUES(16,504,367,137,6);
INSERT INTO "repeticiones" VALUES(17,869,299,315,6);
INSERT INTO "repeticiones" VALUES(18,286,247,641,6);
INSERT INTO "repeticiones" VALUES(19,480,210,621,6);
INSERT INTO "repeticiones" VALUES(20,412,578,272,6);
INSERT INTO "repeticiones" VALUES(21,729,798,571,6);
INSERT INTO "repeticiones" VALUES(22,800,651,762,6);
INSERT INTO "repeticiones" VALUES(23,897,513,409,6);
INSERT INTO "repeticiones" VALUES(24,739,849,203,6);
INSERT INTO "repeticiones" VALUES(25,201,211,740,6);
INSERT INTO "repeticiones" VALUES(26,758,313,127,6);
INSERT INTO "repeticiones" VALUES(27,874,266,636,6);
INSERT INTO "repeticiones" VALUES(28,932,608,608,6);
INSERT INTO "repeticiones" VALUES(29,479,183,369,6);
INSERT INTO "repeticiones" VALUES(30,188,719,597,6);
CREATE TABLE surcos_detectados (
        clave INTEGER PRIMARY KEY NOT NULL,
        distanciaMedia REAL NOT NULL,
        anguloMedio REAL NOT NULL,
        id_imagenes INTEGER NOT NULL,
        FOREIGN KEY(id_imagenes) REFERENCES imagenes(clave));
INSERT INTO "surcos_detectados" VALUES(1,754.030416891538,3.60179486945024951438e+02,4);
INSERT INTO "surcos_detectados" VALUES(2,1.02481858690127802802e+02,2.04794344898135216581e+02,4);
INSERT INTO "surcos_detectados" VALUES(3,4.39404461056401451912e+02,6.7806076408393582966e+01,4);
INSERT INTO "surcos_detectados" VALUES(4,3.51073629416570032191e+02,2.85076005632777729204e+02,4);
INSERT INTO "surcos_detectados" VALUES(5,8.85846371697991585847e+01,1.0551410635592324283e+02,4);
INSERT INTO "surcos_detectados" VALUES(6,2.24743448732253892075e+02,2.60510775509849290543e+02,4);
INSERT INTO "surcos_detectados" VALUES(7,2.14386688634646427331e+02,109.372891595046,4);
INSERT INTO "surcos_detectados" VALUES(8,1.80681175413587595812e+02,1.20803186697710707164e+02,4);
INSERT INTO "surcos_detectados" VALUES(9,9.28252854766052237778e+01,4.30217962351925642394e+01,4);
INSERT INTO "surcos_detectados" VALUES(10,2.61052631130991352748e+01,4.99044399909746871912e+02,4);
INSERT INTO "surcos_detectados" VALUES(11,7.44716243749272610585e+01,1.40238546170528817214e+02,4);
INSERT INTO "surcos_detectados" VALUES(12,2.66476248738728926923e+02,2.91972019697051408115e+02,4);
INSERT INTO "surcos_detectados" VALUES(13,9.99213642070897734015e+01,3.2329735051818939695e+02,4);
INSERT INTO "surcos_detectados" VALUES(14,1.0868121037551414787e+02,9.08280529835711192276e+01,4);
INSERT INTO "surcos_detectados" VALUES(15,588.309950666246,6.97462233477554782723e+01,4);
INSERT INTO "surcos_detectados" VALUES(16,3.88135934745900854636e+02,3.69963278250124849577e+01,4);
INSERT INTO "surcos_detectados" VALUES(17,3.79600713449939286547e+02,1.13285244001671880909e+02,4);
INSERT INTO "surcos_detectados" VALUES(18,3.0757927656815171602e+02,9.7248275416300327123e+01,4);
INSERT INTO "surcos_detectados" VALUES(19,1.04625896535427354017e+02,2.30867399964844244308e+02,4);
INSERT INTO "surcos_detectados" VALUES(20,3.09918362752129139536e+02,5.06188040829779684059e+00,4);
INSERT INTO "surcos_detectados" VALUES(21,3.6779521127614227538e+02,8.90389080009686928462e+01,4);
INSERT INTO "surcos_detectados" VALUES(22,1.69449002649426212485e+01,1.03961347472708287575e+02,4);
INSERT INTO "surcos_detectados" VALUES(23,6.16999407779540920415e+02,3.43754286053808089107e+02,4);
INSERT INTO "surcos_detectados" VALUES(24,2.52651110710950277393e+01,2.15189464156425369623e+02,4);
INSERT INTO "surcos_detectados" VALUES(25,1.92224658218039792245e+02,1.32590192484018021268e+02,4);
INSERT INTO "surcos_detectados" VALUES(26,1.78926131082799493299e+02,621.36616931316,4);
CREATE TABLE surcos_detectados_parcelas (
        clave INTEGER NOT NULL,
        id_surcos_detectados INTEGER NOT NULL,
        id_parcelas INTEGER NOT NULL,
        PRIMARY KEY(id_surcos_detectados, id_parcelas),
        FOREIGN KEY(id_surcos_detectados) REFERENCES surcos_detectados(clave),
        FOREIGN KEY(id_parcelas) REFERENCES parcelas(clave));
INSERT INTO "surcos_detectados_parcelas" VALUES(1,1,1);
INSERT INTO "surcos_detectados_parcelas" VALUES(2,2,1);
INSERT INTO "surcos_detectados_parcelas" VALUES(3,3,1);
INSERT INTO "surcos_detectados_parcelas" VALUES(4,4,1);
INSERT INTO "surcos_detectados_parcelas" VALUES(5,5,1);
INSERT INTO "surcos_detectados_parcelas" VALUES(6,6,1);
INSERT INTO "surcos_detectados_parcelas" VALUES(7,7,1);
INSERT INTO "surcos_detectados_parcelas" VALUES(8,8,1);
INSERT INTO "surcos_detectados_parcelas" VALUES(9,9,1);
INSERT INTO "surcos_detectados_parcelas" VALUES(10,10,1);
INSERT INTO "surcos_detectados_parcelas" VALUES(11,11,1);
INSERT INTO "surcos_detectados_parcelas" VALUES(12,12,1);
INSERT INTO "surcos_detectados_parcelas" VALUES(13,13,1);
INSERT INTO "surcos_detectados_parcelas" VALUES(14,14,1);
INSERT INTO "surcos_detectados_parcelas" VALUES(15,15,1);
INSERT INTO "surcos_detectados_parcelas" VALUES(16,16,1);
INSERT INTO "surcos_detectados_parcelas" VALUES(17,17,1);
INSERT INTO "surcos_detectados_parcelas" VALUES(18,18,1);
INSERT INTO "surcos_detectados_parcelas" VALUES(19,19,1);
INSERT INTO "surcos_detectados_parcelas" VALUES(20,20,1);
INSERT INTO "surcos_detectados_parcelas" VALUES(21,21,1);
INSERT INTO "surcos_detectados_parcelas" VALUES(22,22,1);
INSERT INTO "surcos_detectados_parcelas" VALUES(23,23,1);
INSERT INTO "surcos_detectados_parcelas" VALUES(24,24,1);
INSERT INTO "surcos_detectados_parcelas" VALUES(25,25,1);
INSERT INTO "surcos_detectados_parcelas" VALUES(26,26,1);
INSERT INTO "surcos_detectados_parcelas" VALUES(27,1,2);
INSERT INTO "surcos_detectados_parcelas" VALUES(28,2,2);
INSERT INTO "surcos_detectados_parcelas" VALUES(29,3,2);
INSERT INTO "surcos_detectados_parcelas" VALUES(30,4,2);
INSERT INTO "surcos_detectados_parcelas" VALUES(31,5,2);
INSERT INTO "surcos_detectados_parcelas" VALUES(32,6,2);
INSERT INTO "surcos_detectados_parcelas" VALUES(33,7,2);
INSERT INTO "surcos_detectados_parcelas" VALUES(34,8,2);
INSERT INTO "surcos_detectados_parcelas" VALUES(35,9,2);
INSERT INTO "surcos_detectados_parcelas" VALUES(36,10,2);
INSERT INTO "surcos_detectados_parcelas" VALUES(37,11,2);
INSERT INTO "surcos_detectados_parcelas" VALUES(38,12,2);
INSERT INTO "surcos_detectados_parcelas" VALUES(39,13,2);
INSERT INTO "surcos_detectados_parcelas" VALUES(40,14,2);
INSERT INTO "surcos_detectados_parcelas" VALUES(41,15,2);
INSERT INTO "surcos_detectados_parcelas" VALUES(42,16,2);
INSERT INTO "surcos_detectados_parcelas" VALUES(43,17,2);
INSERT INTO "surcos_detectados_parcelas" VALUES(44,18,2);
INSERT INTO "surcos_detectados_parcelas" VALUES(45,19,2);
INSERT INTO "surcos_detectados_parcelas" VALUES(46,20,2);
INSERT INTO "surcos_detectados_parcelas" VALUES(47,21,2);
INSERT INTO "surcos_detectados_parcelas" VALUES(48,22,2);
INSERT INTO "surcos_detectados_parcelas" VALUES(49,23,2);
INSERT INTO "surcos_detectados_parcelas" VALUES(50,24,2);
INSERT INTO "surcos_detectados_parcelas" VALUES(51,25,2);
INSERT INTO "surcos_detectados_parcelas" VALUES(52,26,2);
INSERT INTO "surcos_detectados_parcelas" VALUES(53,1,3);
INSERT INTO "surcos_detectados_parcelas" VALUES(54,2,3);
INSERT INTO "surcos_detectados_parcelas" VALUES(55,3,3);
INSERT INTO "surcos_detectados_parcelas" VALUES(56,4,3);
INSERT INTO "surcos_detectados_parcelas" VALUES(57,5,3);
INSERT INTO "surcos_detectados_parcelas" VALUES(58,6,3);
INSERT INTO "surcos_detectados_parcelas" VALUES(59,7,3);
INSERT INTO "surcos_detectados_parcelas" VALUES(60,8,3);
INSERT INTO "surcos_detectados_parcelas" VALUES(61,9,3);
INSERT INTO "surcos_detectados_parcelas" VALUES(62,10,3);
INSERT INTO "surcos_detectados_parcelas" VALUES(63,11,3);
INSERT INTO "surcos_detectados_parcelas" VALUES(64,12,3);
INSERT INTO "surcos_detectados_parcelas" VALUES(65,13,3);
INSERT INTO "surcos_detectados_parcelas" VALUES(66,14,3);
INSERT INTO "surcos_detectados_parcelas" VALUES(67,15,3);
INSERT INTO "surcos_detectados_parcelas" VALUES(68,16,3);
INSERT INTO "surcos_detectados_parcelas" VALUES(69,17,3);
INSERT INTO "surcos_detectados_parcelas" VALUES(70,18,3);
INSERT INTO "surcos_detectados_parcelas" VALUES(71,19,3);
INSERT INTO "surcos_detectados_parcelas" VALUES(72,20,3);
INSERT INTO "surcos_detectados_parcelas" VALUES(73,21,3);
INSERT INTO "surcos_detectados_parcelas" VALUES(74,22,3);
INSERT INTO "surcos_detectados_parcelas" VALUES(75,23,3);
INSERT INTO "surcos_detectados_parcelas" VALUES(76,24,3);
INSERT INTO "surcos_detectados_parcelas" VALUES(77,25,3);
INSERT INTO "surcos_detectados_parcelas" VALUES(78,26,3);
INSERT INTO "surcos_detectados_parcelas" VALUES(79,1,4);
INSERT INTO "surcos_detectados_parcelas" VALUES(80,2,4);
INSERT INTO "surcos_detectados_parcelas" VALUES(81,3,4);
INSERT INTO "surcos_detectados_parcelas" VALUES(82,4,4);
INSERT INTO "surcos_detectados_parcelas" VALUES(83,5,4);
INSERT INTO "surcos_detectados_parcelas" VALUES(84,6,4);
INSERT INTO "surcos_detectados_parcelas" VALUES(85,7,4);
INSERT INTO "surcos_detectados_parcelas" VALUES(86,8,4);
INSERT INTO "surcos_detectados_parcelas" VALUES(87,9,4);
INSERT INTO "surcos_detectados_parcelas" VALUES(88,10,4);
INSERT INTO "surcos_detectados_parcelas" VALUES(89,11,4);
INSERT INTO "surcos_detectados_parcelas" VALUES(90,12,4);
INSERT INTO "surcos_detectados_parcelas" VALUES(91,13,4);
INSERT INTO "surcos_detectados_parcelas" VALUES(92,14,4);
INSERT INTO "surcos_detectados_parcelas" VALUES(93,15,4);
INSERT INTO "surcos_detectados_parcelas" VALUES(94,16,4);
INSERT INTO "surcos_detectados_parcelas" VALUES(95,17,4);
INSERT INTO "surcos_detectados_parcelas" VALUES(96,18,4);
INSERT INTO "surcos_detectados_parcelas" VALUES(97,19,4);
INSERT INTO "surcos_detectados_parcelas" VALUES(98,20,4);
INSERT INTO "surcos_detectados_parcelas" VALUES(99,21,4);
INSERT INTO "surcos_detectados_parcelas" VALUES(100,22,4);
INSERT INTO "surcos_detectados_parcelas" VALUES(101,23,4);
INSERT INTO "surcos_detectados_parcelas" VALUES(102,24,4);
INSERT INTO "surcos_detectados_parcelas" VALUES(103,25,4);
INSERT INTO "surcos_detectados_parcelas" VALUES(104,26,4);
INSERT INTO "surcos_detectados_parcelas" VALUES(105,1,5);
INSERT INTO "surcos_detectados_parcelas" VALUES(106,2,5);
INSERT INTO "surcos_detectados_parcelas" VALUES(107,3,5);
INSERT INTO "surcos_detectados_parcelas" VALUES(108,4,5);
INSERT INTO "surcos_detectados_parcelas" VALUES(109,5,5);
INSERT INTO "surcos_detectados_parcelas" VALUES(110,6,5);
INSERT INTO "surcos_detectados_parcelas" VALUES(111,7,5);
INSERT INTO "surcos_detectados_parcelas" VALUES(112,8,5);
INSERT INTO "surcos_detectados_parcelas" VALUES(113,9,5);
INSERT INTO "surcos_detectados_parcelas" VALUES(114,10,5);
INSERT INTO "surcos_detectados_parcelas" VALUES(115,11,5);
INSERT INTO "surcos_detectados_parcelas" VALUES(116,12,5);
INSERT INTO "surcos_detectados_parcelas" VALUES(117,13,5);
INSERT INTO "surcos_detectados_parcelas" VALUES(118,14,5);
INSERT INTO "surcos_detectados_parcelas" VALUES(119,15,5);
INSERT INTO "surcos_detectados_parcelas" VALUES(120,16,5);
INSERT INTO "surcos_detectados_parcelas" VALUES(121,17,5);
INSERT INTO "surcos_detectados_parcelas" VALUES(122,18,5);
INSERT INTO "surcos_detectados_parcelas" VALUES(123,19,5);
INSERT INTO "surcos_detectados_parcelas" VALUES(124,20,5);
INSERT INTO "surcos_detectados_parcelas" VALUES(125,21,5);
INSERT INTO "surcos_detectados_parcelas" VALUES(126,22,5);
INSERT INTO "surcos_detectados_parcelas" VALUES(127,23,5);
INSERT INTO "surcos_detectados_parcelas" VALUES(128,24,5);
INSERT INTO "surcos_detectados_parcelas" VALUES(129,25,5);
INSERT INTO "surcos_detectados_parcelas" VALUES(130,26,5);
INSERT INTO "surcos_detectados_parcelas" VALUES(131,1,6);
INSERT INTO "surcos_detectados_parcelas" VALUES(132,2,6);
INSERT INTO "surcos_detectados_parcelas" VALUES(133,3,6);
INSERT INTO "surcos_detectados_parcelas" VALUES(134,4,6);
INSERT INTO "surcos_detectados_parcelas" VALUES(135,5,6);
INSERT INTO "surcos_detectados_parcelas" VALUES(136,6,6);
INSERT INTO "surcos_detectados_parcelas" VALUES(137,7,6);
INSERT INTO "surcos_detectados_parcelas" VALUES(138,8,6);
INSERT INTO "surcos_detectados_parcelas" VALUES(139,9,6);
INSERT INTO "surcos_detectados_parcelas" VALUES(140,10,6);
INSERT INTO "surcos_detectados_parcelas" VALUES(141,11,6);
INSERT INTO "surcos_detectados_parcelas" VALUES(142,12,6);
INSERT INTO "surcos_detectados_parcelas" VALUES(143,13,6);
INSERT INTO "surcos_detectados_parcelas" VALUES(144,14,6);
INSERT INTO "surcos_detectados_parcelas" VALUES(145,15,6);
INSERT INTO "surcos_detectados_parcelas" VALUES(146,16,6);
INSERT INTO "surcos_detectados_parcelas" VALUES(147,17,6);
INSERT INTO "surcos_detectados_parcelas" VALUES(148,18,6);
INSERT INTO "surcos_detectados_parcelas" VALUES(149,19,6);
INSERT INTO "surcos_detectados_parcelas" VALUES(150,20,6);
INSERT INTO "surcos_detectados_parcelas" VALUES(151,21,6);
INSERT INTO "surcos_detectados_parcelas" VALUES(152,22,6);
INSERT INTO "surcos_detectados_parcelas" VALUES(153,23,6);
INSERT INTO "surcos_detectados_parcelas" VALUES(154,24,6);
INSERT INTO "surcos_detectados_parcelas" VALUES(155,25,6);
INSERT INTO "surcos_detectados_parcelas" VALUES(156,26,6);
INSERT INTO "surcos_detectados_parcelas" VALUES(157,1,7);
INSERT INTO "surcos_detectados_parcelas" VALUES(158,2,7);
INSERT INTO "surcos_detectados_parcelas" VALUES(159,3,7);
INSERT INTO "surcos_detectados_parcelas" VALUES(160,4,7);
INSERT INTO "surcos_detectados_parcelas" VALUES(161,5,7);
INSERT INTO "surcos_detectados_parcelas" VALUES(162,6,7);
INSERT INTO "surcos_detectados_parcelas" VALUES(163,7,7);
INSERT INTO "surcos_detectados_parcelas" VALUES(164,8,7);
INSERT INTO "surcos_detectados_parcelas" VALUES(165,9,7);
INSERT INTO "surcos_detectados_parcelas" VALUES(166,10,7);
INSERT INTO "surcos_detectados_parcelas" VALUES(167,11,7);
INSERT INTO "surcos_detectados_parcelas" VALUES(168,12,7);
INSERT INTO "surcos_detectados_parcelas" VALUES(169,13,7);
INSERT INTO "surcos_detectados_parcelas" VALUES(170,14,7);
INSERT INTO "surcos_detectados_parcelas" VALUES(171,15,7);
INSERT INTO "surcos_detectados_parcelas" VALUES(172,16,7);
INSERT INTO "surcos_detectados_parcelas" VALUES(173,17,7);
INSERT INTO "surcos_detectados_parcelas" VALUES(174,18,7);
INSERT INTO "surcos_detectados_parcelas" VALUES(175,19,7);
INSERT INTO "surcos_detectados_parcelas" VALUES(176,20,7);
INSERT INTO "surcos_detectados_parcelas" VALUES(177,21,7);
INSERT INTO "surcos_detectados_parcelas" VALUES(178,22,7);
INSERT INTO "surcos_detectados_parcelas" VALUES(179,23,7);
INSERT INTO "surcos_detectados_parcelas" VALUES(180,24,7);
INSERT INTO "surcos_detectados_parcelas" VALUES(181,25,7);
INSERT INTO "surcos_detectados_parcelas" VALUES(182,26,7);
INSERT INTO "surcos_detectados_parcelas" VALUES(183,1,8);
INSERT INTO "surcos_detectados_parcelas" VALUES(184,2,8);
INSERT INTO "surcos_detectados_parcelas" VALUES(185,3,8);
INSERT INTO "surcos_detectados_parcelas" VALUES(186,4,8);
INSERT INTO "surcos_detectados_parcelas" VALUES(187,5,8);
INSERT INTO "surcos_detectados_parcelas" VALUES(188,6,8);
INSERT INTO "surcos_detectados_parcelas" VALUES(189,7,8);
INSERT INTO "surcos_detectados_parcelas" VALUES(190,8,8);
INSERT INTO "surcos_detectados_parcelas" VALUES(191,9,8);
INSERT INTO "surcos_detectados_parcelas" VALUES(192,10,8);
INSERT INTO "surcos_detectados_parcelas" VALUES(193,11,8);
INSERT INTO "surcos_detectados_parcelas" VALUES(194,12,8);
INSERT INTO "surcos_detectados_parcelas" VALUES(195,13,8);
INSERT INTO "surcos_detectados_parcelas" VALUES(196,14,8);
INSERT INTO "surcos_detectados_parcelas" VALUES(197,15,8);
INSERT INTO "surcos_detectados_parcelas" VALUES(198,16,8);
INSERT INTO "surcos_detectados_parcelas" VALUES(199,17,8);
INSERT INTO "surcos_detectados_parcelas" VALUES(200,18,8);
INSERT INTO "surcos_detectados_parcelas" VALUES(201,19,8);
INSERT INTO "surcos_detectados_parcelas" VALUES(202,20,8);
INSERT INTO "surcos_detectados_parcelas" VALUES(203,21,8);
INSERT INTO "surcos_detectados_parcelas" VALUES(204,22,8);
INSERT INTO "surcos_detectados_parcelas" VALUES(205,23,8);
INSERT INTO "surcos_detectados_parcelas" VALUES(206,24,8);
INSERT INTO "surcos_detectados_parcelas" VALUES(207,25,8);
INSERT INTO "surcos_detectados_parcelas" VALUES(208,26,8);
INSERT INTO "surcos_detectados_parcelas" VALUES(209,1,9);
INSERT INTO "surcos_detectados_parcelas" VALUES(210,2,9);
INSERT INTO "surcos_detectados_parcelas" VALUES(211,3,9);
INSERT INTO "surcos_detectados_parcelas" VALUES(212,4,9);
INSERT INTO "surcos_detectados_parcelas" VALUES(213,5,9);
INSERT INTO "surcos_detectados_parcelas" VALUES(214,6,9);
INSERT INTO "surcos_detectados_parcelas" VALUES(215,7,9);
INSERT INTO "surcos_detectados_parcelas" VALUES(216,8,9);
INSERT INTO "surcos_detectados_parcelas" VALUES(217,9,9);
INSERT INTO "surcos_detectados_parcelas" VALUES(218,10,9);
INSERT INTO "surcos_detectados_parcelas" VALUES(219,11,9);
INSERT INTO "surcos_detectados_parcelas" VALUES(220,12,9);
INSERT INTO "surcos_detectados_parcelas" VALUES(221,13,9);
INSERT INTO "surcos_detectados_parcelas" VALUES(222,14,9);
INSERT INTO "surcos_detectados_parcelas" VALUES(223,15,9);
INSERT INTO "surcos_detectados_parcelas" VALUES(224,16,9);
INSERT INTO "surcos_detectados_parcelas" VALUES(225,17,9);
INSERT INTO "surcos_detectados_parcelas" VALUES(226,18,9);
INSERT INTO "surcos_detectados_parcelas" VALUES(227,19,9);
INSERT INTO "surcos_detectados_parcelas" VALUES(228,20,9);
INSERT INTO "surcos_detectados_parcelas" VALUES(229,21,9);
INSERT INTO "surcos_detectados_parcelas" VALUES(230,22,9);
INSERT INTO "surcos_detectados_parcelas" VALUES(231,23,9);
INSERT INTO "surcos_detectados_parcelas" VALUES(232,24,9);
INSERT INTO "surcos_detectados_parcelas" VALUES(233,25,9);
INSERT INTO "surcos_detectados_parcelas" VALUES(234,26,9);
INSERT INTO "surcos_detectados_parcelas" VALUES(235,1,10);
INSERT INTO "surcos_detectados_parcelas" VALUES(236,2,10);
INSERT INTO "surcos_detectados_parcelas" VALUES(237,3,10);
INSERT INTO "surcos_detectados_parcelas" VALUES(238,4,10);
INSERT INTO "surcos_detectados_parcelas" VALUES(239,5,10);
INSERT INTO "surcos_detectados_parcelas" VALUES(240,6,10);
INSERT INTO "surcos_detectados_parcelas" VALUES(241,7,10);
INSERT INTO "surcos_detectados_parcelas" VALUES(242,8,10);
INSERT INTO "surcos_detectados_parcelas" VALUES(243,9,10);
INSERT INTO "surcos_detectados_parcelas" VALUES(244,10,10);
INSERT INTO "surcos_detectados_parcelas" VALUES(245,11,10);
INSERT INTO "surcos_detectados_parcelas" VALUES(246,12,10);
INSERT INTO "surcos_detectados_parcelas" VALUES(247,13,10);
INSERT INTO "surcos_detectados_parcelas" VALUES(248,14,10);
INSERT INTO "surcos_detectados_parcelas" VALUES(249,15,10);
INSERT INTO "surcos_detectados_parcelas" VALUES(250,16,10);
INSERT INTO "surcos_detectados_parcelas" VALUES(251,17,10);
INSERT INTO "surcos_detectados_parcelas" VALUES(252,18,10);
INSERT INTO "surcos_detectados_parcelas" VALUES(253,19,10);
INSERT INTO "surcos_detectados_parcelas" VALUES(254,20,10);
INSERT INTO "surcos_detectados_parcelas" VALUES(255,21,10);
INSERT INTO "surcos_detectados_parcelas" VALUES(256,22,10);
INSERT INTO "surcos_detectados_parcelas" VALUES(257,23,10);
INSERT INTO "surcos_detectados_parcelas" VALUES(258,24,10);
INSERT INTO "surcos_detectados_parcelas" VALUES(259,25,10);
INSERT INTO "surcos_detectados_parcelas" VALUES(260,26,10);
INSERT INTO "surcos_detectados_parcelas" VALUES(261,1,11);
INSERT INTO "surcos_detectados_parcelas" VALUES(262,2,11);
INSERT INTO "surcos_detectados_parcelas" VALUES(263,3,11);
INSERT INTO "surcos_detectados_parcelas" VALUES(264,4,11);
INSERT INTO "surcos_detectados_parcelas" VALUES(265,5,11);
INSERT INTO "surcos_detectados_parcelas" VALUES(266,6,11);
INSERT INTO "surcos_detectados_parcelas" VALUES(267,7,11);
INSERT INTO "surcos_detectados_parcelas" VALUES(268,8,11);
INSERT INTO "surcos_detectados_parcelas" VALUES(269,9,11);
INSERT INTO "surcos_detectados_parcelas" VALUES(270,10,11);
INSERT INTO "surcos_detectados_parcelas" VALUES(271,11,11);
INSERT INTO "surcos_detectados_parcelas" VALUES(272,12,11);
INSERT INTO "surcos_detectados_parcelas" VALUES(273,13,11);
INSERT INTO "surcos_detectados_parcelas" VALUES(274,14,11);
INSERT INTO "surcos_detectados_parcelas" VALUES(275,15,11);
INSERT INTO "surcos_detectados_parcelas" VALUES(276,16,11);
INSERT INTO "surcos_detectados_parcelas" VALUES(277,17,11);
INSERT INTO "surcos_detectados_parcelas" VALUES(278,18,11);
INSERT INTO "surcos_detectados_parcelas" VALUES(279,19,11);
INSERT INTO "surcos_detectados_parcelas" VALUES(280,20,11);
INSERT INTO "surcos_detectados_parcelas" VALUES(281,21,11);
INSERT INTO "surcos_detectados_parcelas" VALUES(282,22,11);
INSERT INTO "surcos_detectados_parcelas" VALUES(283,23,11);
INSERT INTO "surcos_detectados_parcelas" VALUES(284,24,11);
INSERT INTO "surcos_detectados_parcelas" VALUES(285,25,11);
INSERT INTO "surcos_detectados_parcelas" VALUES(286,26,11);
INSERT INTO "surcos_detectados_parcelas" VALUES(287,1,12);
INSERT INTO "surcos_detectados_parcelas" VALUES(288,2,12);
INSERT INTO "surcos_detectados_parcelas" VALUES(289,3,12);
INSERT INTO "surcos_detectados_parcelas" VALUES(290,4,12);
INSERT INTO "surcos_detectados_parcelas" VALUES(291,5,12);
INSERT INTO "surcos_detectados_parcelas" VALUES(292,6,12);
INSERT INTO "surcos_detectados_parcelas" VALUES(293,7,12);
INSERT INTO "surcos_detectados_parcelas" VALUES(294,8,12);
INSERT INTO "surcos_detectados_parcelas" VALUES(295,9,12);
INSERT INTO "surcos_detectados_parcelas" VALUES(296,10,12);
INSERT INTO "surcos_detectados_parcelas" VALUES(297,11,12);
INSERT INTO "surcos_detectados_parcelas" VALUES(298,12,12);
INSERT INTO "surcos_detectados_parcelas" VALUES(299,13,12);
INSERT INTO "surcos_detectados_parcelas" VALUES(300,14,12);
INSERT INTO "surcos_detectados_parcelas" VALUES(301,15,12);
INSERT INTO "surcos_detectados_parcelas" VALUES(302,16,12);
INSERT INTO "surcos_detectados_parcelas" VALUES(303,17,12);
INSERT INTO "surcos_detectados_parcelas" VALUES(304,18,12);
INSERT INTO "surcos_detectados_parcelas" VALUES(305,19,12);
INSERT INTO "surcos_detectados_parcelas" VALUES(306,20,12);
INSERT INTO "surcos_detectados_parcelas" VALUES(307,21,12);
INSERT INTO "surcos_detectados_parcelas" VALUES(308,22,12);
INSERT INTO "surcos_detectados_parcelas" VALUES(309,23,12);
INSERT INTO "surcos_detectados_parcelas" VALUES(310,24,12);
INSERT INTO "surcos_detectados_parcelas" VALUES(311,25,12);
INSERT INTO "surcos_detectados_parcelas" VALUES(312,26,12);
INSERT INTO "surcos_detectados_parcelas" VALUES(313,1,13);
INSERT INTO "surcos_detectados_parcelas" VALUES(314,2,13);
INSERT INTO "surcos_detectados_parcelas" VALUES(315,3,13);
INSERT INTO "surcos_detectados_parcelas" VALUES(316,4,13);
INSERT INTO "surcos_detectados_parcelas" VALUES(317,5,13);
INSERT INTO "surcos_detectados_parcelas" VALUES(318,6,13);
INSERT INTO "surcos_detectados_parcelas" VALUES(319,7,13);
INSERT INTO "surcos_detectados_parcelas" VALUES(320,8,13);
INSERT INTO "surcos_detectados_parcelas" VALUES(321,9,13);
INSERT INTO "surcos_detectados_parcelas" VALUES(322,10,13);
INSERT INTO "surcos_detectados_parcelas" VALUES(323,11,13);
INSERT INTO "surcos_detectados_parcelas" VALUES(324,12,13);
INSERT INTO "surcos_detectados_parcelas" VALUES(325,13,13);
INSERT INTO "surcos_detectados_parcelas" VALUES(326,14,13);
INSERT INTO "surcos_detectados_parcelas" VALUES(327,15,13);
INSERT INTO "surcos_detectados_parcelas" VALUES(328,16,13);
INSERT INTO "surcos_detectados_parcelas" VALUES(329,17,13);
INSERT INTO "surcos_detectados_parcelas" VALUES(330,18,13);
INSERT INTO "surcos_detectados_parcelas" VALUES(331,19,13);
INSERT INTO "surcos_detectados_parcelas" VALUES(332,20,13);
INSERT INTO "surcos_detectados_parcelas" VALUES(333,21,13);
INSERT INTO "surcos_detectados_parcelas" VALUES(334,22,13);
INSERT INTO "surcos_detectados_parcelas" VALUES(335,23,13);
INSERT INTO "surcos_detectados_parcelas" VALUES(336,24,13);
INSERT INTO "surcos_detectados_parcelas" VALUES(337,25,13);
INSERT INTO "surcos_detectados_parcelas" VALUES(338,26,13);
INSERT INTO "surcos_detectados_parcelas" VALUES(339,1,14);
INSERT INTO "surcos_detectados_parcelas" VALUES(340,2,14);
INSERT INTO "surcos_detectados_parcelas" VALUES(341,3,14);
INSERT INTO "surcos_detectados_parcelas" VALUES(342,4,14);
INSERT INTO "surcos_detectados_parcelas" VALUES(343,5,14);
INSERT INTO "surcos_detectados_parcelas" VALUES(344,6,14);
INSERT INTO "surcos_detectados_parcelas" VALUES(345,7,14);
INSERT INTO "surcos_detectados_parcelas" VALUES(346,8,14);
INSERT INTO "surcos_detectados_parcelas" VALUES(347,9,14);
INSERT INTO "surcos_detectados_parcelas" VALUES(348,10,14);
INSERT INTO "surcos_detectados_parcelas" VALUES(349,11,14);
INSERT INTO "surcos_detectados_parcelas" VALUES(350,12,14);
INSERT INTO "surcos_detectados_parcelas" VALUES(351,13,14);
INSERT INTO "surcos_detectados_parcelas" VALUES(352,14,14);
INSERT INTO "surcos_detectados_parcelas" VALUES(353,15,14);
INSERT INTO "surcos_detectados_parcelas" VALUES(354,16,14);
INSERT INTO "surcos_detectados_parcelas" VALUES(355,17,14);
INSERT INTO "surcos_detectados_parcelas" VALUES(356,18,14);
INSERT INTO "surcos_detectados_parcelas" VALUES(357,19,14);
INSERT INTO "surcos_detectados_parcelas" VALUES(358,20,14);
INSERT INTO "surcos_detectados_parcelas" VALUES(359,21,14);
INSERT INTO "surcos_detectados_parcelas" VALUES(360,22,14);
INSERT INTO "surcos_detectados_parcelas" VALUES(361,23,14);
INSERT INTO "surcos_detectados_parcelas" VALUES(362,24,14);
INSERT INTO "surcos_detectados_parcelas" VALUES(363,25,14);
INSERT INTO "surcos_detectados_parcelas" VALUES(364,26,14);
INSERT INTO "surcos_detectados_parcelas" VALUES(365,1,15);
INSERT INTO "surcos_detectados_parcelas" VALUES(366,2,15);
INSERT INTO "surcos_detectados_parcelas" VALUES(367,3,15);
INSERT INTO "surcos_detectados_parcelas" VALUES(368,4,15);
INSERT INTO "surcos_detectados_parcelas" VALUES(369,5,15);
INSERT INTO "surcos_detectados_parcelas" VALUES(370,6,15);
INSERT INTO "surcos_detectados_parcelas" VALUES(371,7,15);
INSERT INTO "surcos_detectados_parcelas" VALUES(372,8,15);
INSERT INTO "surcos_detectados_parcelas" VALUES(373,9,15);
INSERT INTO "surcos_detectados_parcelas" VALUES(374,10,15);
INSERT INTO "surcos_detectados_parcelas" VALUES(375,11,15);
INSERT INTO "surcos_detectados_parcelas" VALUES(376,12,15);
INSERT INTO "surcos_detectados_parcelas" VALUES(377,13,15);
INSERT INTO "surcos_detectados_parcelas" VALUES(378,14,15);
INSERT INTO "surcos_detectados_parcelas" VALUES(379,15,15);
INSERT INTO "surcos_detectados_parcelas" VALUES(380,16,15);
INSERT INTO "surcos_detectados_parcelas" VALUES(381,17,15);
INSERT INTO "surcos_detectados_parcelas" VALUES(382,18,15);
INSERT INTO "surcos_detectados_parcelas" VALUES(383,19,15);
INSERT INTO "surcos_detectados_parcelas" VALUES(384,20,15);
INSERT INTO "surcos_detectados_parcelas" VALUES(385,21,15);
INSERT INTO "surcos_detectados_parcelas" VALUES(386,22,15);
INSERT INTO "surcos_detectados_parcelas" VALUES(387,23,15);
INSERT INTO "surcos_detectados_parcelas" VALUES(388,24,15);
INSERT INTO "surcos_detectados_parcelas" VALUES(389,25,15);
INSERT INTO "surcos_detectados_parcelas" VALUES(390,26,15);
INSERT INTO "surcos_detectados_parcelas" VALUES(391,1,16);
INSERT INTO "surcos_detectados_parcelas" VALUES(392,2,16);
INSERT INTO "surcos_detectados_parcelas" VALUES(393,3,16);
INSERT INTO "surcos_detectados_parcelas" VALUES(394,4,16);
INSERT INTO "surcos_detectados_parcelas" VALUES(395,5,16);
INSERT INTO "surcos_detectados_parcelas" VALUES(396,6,16);
INSERT INTO "surcos_detectados_parcelas" VALUES(397,7,16);
INSERT INTO "surcos_detectados_parcelas" VALUES(398,8,16);
INSERT INTO "surcos_detectados_parcelas" VALUES(399,9,16);
INSERT INTO "surcos_detectados_parcelas" VALUES(400,10,16);
INSERT INTO "surcos_detectados_parcelas" VALUES(401,11,16);
INSERT INTO "surcos_detectados_parcelas" VALUES(402,12,16);
INSERT INTO "surcos_detectados_parcelas" VALUES(403,13,16);
INSERT INTO "surcos_detectados_parcelas" VALUES(404,14,16);
INSERT INTO "surcos_detectados_parcelas" VALUES(405,15,16);
INSERT INTO "surcos_detectados_parcelas" VALUES(406,16,16);
INSERT INTO "surcos_detectados_parcelas" VALUES(407,17,16);
INSERT INTO "surcos_detectados_parcelas" VALUES(408,18,16);
INSERT INTO "surcos_detectados_parcelas" VALUES(409,19,16);
INSERT INTO "surcos_detectados_parcelas" VALUES(410,20,16);
INSERT INTO "surcos_detectados_parcelas" VALUES(411,21,16);
INSERT INTO "surcos_detectados_parcelas" VALUES(412,22,16);
INSERT INTO "surcos_detectados_parcelas" VALUES(413,23,16);
INSERT INTO "surcos_detectados_parcelas" VALUES(414,24,16);
INSERT INTO "surcos_detectados_parcelas" VALUES(415,25,16);
INSERT INTO "surcos_detectados_parcelas" VALUES(416,26,16);
INSERT INTO "surcos_detectados_parcelas" VALUES(417,1,17);
INSERT INTO "surcos_detectados_parcelas" VALUES(418,2,17);
INSERT INTO "surcos_detectados_parcelas" VALUES(419,3,17);
INSERT INTO "surcos_detectados_parcelas" VALUES(420,4,17);
INSERT INTO "surcos_detectados_parcelas" VALUES(421,5,17);
INSERT INTO "surcos_detectados_parcelas" VALUES(422,6,17);
INSERT INTO "surcos_detectados_parcelas" VALUES(423,7,17);
INSERT INTO "surcos_detectados_parcelas" VALUES(424,8,17);
INSERT INTO "surcos_detectados_parcelas" VALUES(425,9,17);
INSERT INTO "surcos_detectados_parcelas" VALUES(426,10,17);
INSERT INTO "surcos_detectados_parcelas" VALUES(427,11,17);
INSERT INTO "surcos_detectados_parcelas" VALUES(428,12,17);
INSERT INTO "surcos_detectados_parcelas" VALUES(429,13,17);
INSERT INTO "surcos_detectados_parcelas" VALUES(430,14,17);
INSERT INTO "surcos_detectados_parcelas" VALUES(431,15,17);
INSERT INTO "surcos_detectados_parcelas" VALUES(432,16,17);
INSERT INTO "surcos_detectados_parcelas" VALUES(433,17,17);
INSERT INTO "surcos_detectados_parcelas" VALUES(434,18,17);
INSERT INTO "surcos_detectados_parcelas" VALUES(435,19,17);
INSERT INTO "surcos_detectados_parcelas" VALUES(436,20,17);
INSERT INTO "surcos_detectados_parcelas" VALUES(437,21,17);
INSERT INTO "surcos_detectados_parcelas" VALUES(438,22,17);
INSERT INTO "surcos_detectados_parcelas" VALUES(439,23,17);
INSERT INTO "surcos_detectados_parcelas" VALUES(440,24,17);
INSERT INTO "surcos_detectados_parcelas" VALUES(441,25,17);
INSERT INTO "surcos_detectados_parcelas" VALUES(442,26,17);
INSERT INTO "surcos_detectados_parcelas" VALUES(443,1,18);
INSERT INTO "surcos_detectados_parcelas" VALUES(444,2,18);
INSERT INTO "surcos_detectados_parcelas" VALUES(445,3,18);
INSERT INTO "surcos_detectados_parcelas" VALUES(446,4,18);
INSERT INTO "surcos_detectados_parcelas" VALUES(447,5,18);
INSERT INTO "surcos_detectados_parcelas" VALUES(448,6,18);
INSERT INTO "surcos_detectados_parcelas" VALUES(449,7,18);
INSERT INTO "surcos_detectados_parcelas" VALUES(450,8,18);
INSERT INTO "surcos_detectados_parcelas" VALUES(451,9,18);
INSERT INTO "surcos_detectados_parcelas" VALUES(452,10,18);
INSERT INTO "surcos_detectados_parcelas" VALUES(453,11,18);
INSERT INTO "surcos_detectados_parcelas" VALUES(454,12,18);
INSERT INTO "surcos_detectados_parcelas" VALUES(455,13,18);
INSERT INTO "surcos_detectados_parcelas" VALUES(456,14,18);
INSERT INTO "surcos_detectados_parcelas" VALUES(457,15,18);
INSERT INTO "surcos_detectados_parcelas" VALUES(458,16,18);
INSERT INTO "surcos_detectados_parcelas" VALUES(459,17,18);
INSERT INTO "surcos_detectados_parcelas" VALUES(460,18,18);
INSERT INTO "surcos_detectados_parcelas" VALUES(461,19,18);
INSERT INTO "surcos_detectados_parcelas" VALUES(462,20,18);
INSERT INTO "surcos_detectados_parcelas" VALUES(463,21,18);
INSERT INTO "surcos_detectados_parcelas" VALUES(464,22,18);
INSERT INTO "surcos_detectados_parcelas" VALUES(465,23,18);
INSERT INTO "surcos_detectados_parcelas" VALUES(466,24,18);
INSERT INTO "surcos_detectados_parcelas" VALUES(467,25,18);
INSERT INTO "surcos_detectados_parcelas" VALUES(468,26,18);
INSERT INTO "surcos_detectados_parcelas" VALUES(469,1,19);
INSERT INTO "surcos_detectados_parcelas" VALUES(470,2,19);
INSERT INTO "surcos_detectados_parcelas" VALUES(471,3,19);
INSERT INTO "surcos_detectados_parcelas" VALUES(472,4,19);
INSERT INTO "surcos_detectados_parcelas" VALUES(473,5,19);
INSERT INTO "surcos_detectados_parcelas" VALUES(474,6,19);
INSERT INTO "surcos_detectados_parcelas" VALUES(475,7,19);
INSERT INTO "surcos_detectados_parcelas" VALUES(476,8,19);
INSERT INTO "surcos_detectados_parcelas" VALUES(477,9,19);
INSERT INTO "surcos_detectados_parcelas" VALUES(478,10,19);
INSERT INTO "surcos_detectados_parcelas" VALUES(479,11,19);
INSERT INTO "surcos_detectados_parcelas" VALUES(480,12,19);
INSERT INTO "surcos_detectados_parcelas" VALUES(481,13,19);
INSERT INTO "surcos_detectados_parcelas" VALUES(482,14,19);
INSERT INTO "surcos_detectados_parcelas" VALUES(483,15,19);
INSERT INTO "surcos_detectados_parcelas" VALUES(484,16,19);
INSERT INTO "surcos_detectados_parcelas" VALUES(485,17,19);
INSERT INTO "surcos_detectados_parcelas" VALUES(486,18,19);
INSERT INTO "surcos_detectados_parcelas" VALUES(487,19,19);
INSERT INTO "surcos_detectados_parcelas" VALUES(488,20,19);
INSERT INTO "surcos_detectados_parcelas" VALUES(489,21,19);
INSERT INTO "surcos_detectados_parcelas" VALUES(490,22,19);
INSERT INTO "surcos_detectados_parcelas" VALUES(491,23,19);
INSERT INTO "surcos_detectados_parcelas" VALUES(492,24,19);
INSERT INTO "surcos_detectados_parcelas" VALUES(493,25,19);
INSERT INTO "surcos_detectados_parcelas" VALUES(494,26,19);
INSERT INTO "surcos_detectados_parcelas" VALUES(495,1,20);
INSERT INTO "surcos_detectados_parcelas" VALUES(496,2,20);
INSERT INTO "surcos_detectados_parcelas" VALUES(497,3,20);
INSERT INTO "surcos_detectados_parcelas" VALUES(498,4,20);
INSERT INTO "surcos_detectados_parcelas" VALUES(499,5,20);
INSERT INTO "surcos_detectados_parcelas" VALUES(500,6,20);
INSERT INTO "surcos_detectados_parcelas" VALUES(501,7,20);
INSERT INTO "surcos_detectados_parcelas" VALUES(502,8,20);
INSERT INTO "surcos_detectados_parcelas" VALUES(503,9,20);
INSERT INTO "surcos_detectados_parcelas" VALUES(504,10,20);
INSERT INTO "surcos_detectados_parcelas" VALUES(505,11,20);
INSERT INTO "surcos_detectados_parcelas" VALUES(506,12,20);
INSERT INTO "surcos_detectados_parcelas" VALUES(507,13,20);
INSERT INTO "surcos_detectados_parcelas" VALUES(508,14,20);
INSERT INTO "surcos_detectados_parcelas" VALUES(509,15,20);
INSERT INTO "surcos_detectados_parcelas" VALUES(510,16,20);
INSERT INTO "surcos_detectados_parcelas" VALUES(511,17,20);
INSERT INTO "surcos_detectados_parcelas" VALUES(512,18,20);
INSERT INTO "surcos_detectados_parcelas" VALUES(513,19,20);
INSERT INTO "surcos_detectados_parcelas" VALUES(514,20,20);
INSERT INTO "surcos_detectados_parcelas" VALUES(515,21,20);
INSERT INTO "surcos_detectados_parcelas" VALUES(516,22,20);
INSERT INTO "surcos_detectados_parcelas" VALUES(517,23,20);
INSERT INTO "surcos_detectados_parcelas" VALUES(518,24,20);
INSERT INTO "surcos_detectados_parcelas" VALUES(519,25,20);
INSERT INTO "surcos_detectados_parcelas" VALUES(520,26,20);
INSERT INTO "surcos_detectados_parcelas" VALUES(521,1,21);
INSERT INTO "surcos_detectados_parcelas" VALUES(522,2,21);
INSERT INTO "surcos_detectados_parcelas" VALUES(523,3,21);
INSERT INTO "surcos_detectados_parcelas" VALUES(524,4,21);
INSERT INTO "surcos_detectados_parcelas" VALUES(525,5,21);
INSERT INTO "surcos_detectados_parcelas" VALUES(526,6,21);
INSERT INTO "surcos_detectados_parcelas" VALUES(527,7,21);
INSERT INTO "surcos_detectados_parcelas" VALUES(528,8,21);
INSERT INTO "surcos_detectados_parcelas" VALUES(529,9,21);
INSERT INTO "surcos_detectados_parcelas" VALUES(530,10,21);
INSERT INTO "surcos_detectados_parcelas" VALUES(531,11,21);
INSERT INTO "surcos_detectados_parcelas" VALUES(532,12,21);
INSERT INTO "surcos_detectados_parcelas" VALUES(533,13,21);
INSERT INTO "surcos_detectados_parcelas" VALUES(534,14,21);
INSERT INTO "surcos_detectados_parcelas" VALUES(535,15,21);
INSERT INTO "surcos_detectados_parcelas" VALUES(536,16,21);
INSERT INTO "surcos_detectados_parcelas" VALUES(537,17,21);
INSERT INTO "surcos_detectados_parcelas" VALUES(538,18,21);
INSERT INTO "surcos_detectados_parcelas" VALUES(539,19,21);
INSERT INTO "surcos_detectados_parcelas" VALUES(540,20,21);
INSERT INTO "surcos_detectados_parcelas" VALUES(541,21,21);
INSERT INTO "surcos_detectados_parcelas" VALUES(542,22,21);
INSERT INTO "surcos_detectados_parcelas" VALUES(543,23,21);
INSERT INTO "surcos_detectados_parcelas" VALUES(544,24,21);
INSERT INTO "surcos_detectados_parcelas" VALUES(545,25,21);
INSERT INTO "surcos_detectados_parcelas" VALUES(546,26,21);
INSERT INTO "surcos_detectados_parcelas" VALUES(547,1,22);
INSERT INTO "surcos_detectados_parcelas" VALUES(548,2,22);
INSERT INTO "surcos_detectados_parcelas" VALUES(549,3,22);
INSERT INTO "surcos_detectados_parcelas" VALUES(550,4,22);
INSERT INTO "surcos_detectados_parcelas" VALUES(551,5,22);
INSERT INTO "surcos_detectados_parcelas" VALUES(552,6,22);
INSERT INTO "surcos_detectados_parcelas" VALUES(553,7,22);
INSERT INTO "surcos_detectados_parcelas" VALUES(554,8,22);
INSERT INTO "surcos_detectados_parcelas" VALUES(555,9,22);
INSERT INTO "surcos_detectados_parcelas" VALUES(556,10,22);
INSERT INTO "surcos_detectados_parcelas" VALUES(557,11,22);
INSERT INTO "surcos_detectados_parcelas" VALUES(558,12,22);
INSERT INTO "surcos_detectados_parcelas" VALUES(559,13,22);
INSERT INTO "surcos_detectados_parcelas" VALUES(560,14,22);
INSERT INTO "surcos_detectados_parcelas" VALUES(561,15,22);
INSERT INTO "surcos_detectados_parcelas" VALUES(562,16,22);
INSERT INTO "surcos_detectados_parcelas" VALUES(563,17,22);
INSERT INTO "surcos_detectados_parcelas" VALUES(564,18,22);
INSERT INTO "surcos_detectados_parcelas" VALUES(565,19,22);
INSERT INTO "surcos_detectados_parcelas" VALUES(566,20,22);
INSERT INTO "surcos_detectados_parcelas" VALUES(567,21,22);
INSERT INTO "surcos_detectados_parcelas" VALUES(568,22,22);
INSERT INTO "surcos_detectados_parcelas" VALUES(569,23,22);
INSERT INTO "surcos_detectados_parcelas" VALUES(570,24,22);
INSERT INTO "surcos_detectados_parcelas" VALUES(571,25,22);
INSERT INTO "surcos_detectados_parcelas" VALUES(572,26,22);
INSERT INTO "surcos_detectados_parcelas" VALUES(573,1,23);
INSERT INTO "surcos_detectados_parcelas" VALUES(574,2,23);
INSERT INTO "surcos_detectados_parcelas" VALUES(575,3,23);
INSERT INTO "surcos_detectados_parcelas" VALUES(576,4,23);
INSERT INTO "surcos_detectados_parcelas" VALUES(577,5,23);
INSERT INTO "surcos_detectados_parcelas" VALUES(578,6,23);
INSERT INTO "surcos_detectados_parcelas" VALUES(579,7,23);
INSERT INTO "surcos_detectados_parcelas" VALUES(580,8,23);
INSERT INTO "surcos_detectados_parcelas" VALUES(581,9,23);
INSERT INTO "surcos_detectados_parcelas" VALUES(582,10,23);
INSERT INTO "surcos_detectados_parcelas" VALUES(583,11,23);
INSERT INTO "surcos_detectados_parcelas" VALUES(584,12,23);
INSERT INTO "surcos_detectados_parcelas" VALUES(585,13,23);
INSERT INTO "surcos_detectados_parcelas" VALUES(586,14,23);
INSERT INTO "surcos_detectados_parcelas" VALUES(587,15,23);
INSERT INTO "surcos_detectados_parcelas" VALUES(588,16,23);
INSERT INTO "surcos_detectados_parcelas" VALUES(589,17,23);
INSERT INTO "surcos_detectados_parcelas" VALUES(590,18,23);
INSERT INTO "surcos_detectados_parcelas" VALUES(591,19,23);
INSERT INTO "surcos_detectados_parcelas" VALUES(592,20,23);
INSERT INTO "surcos_detectados_parcelas" VALUES(593,21,23);
INSERT INTO "surcos_detectados_parcelas" VALUES(594,22,23);
INSERT INTO "surcos_detectados_parcelas" VALUES(595,23,23);
INSERT INTO "surcos_detectados_parcelas" VALUES(596,24,23);
INSERT INTO "surcos_detectados_parcelas" VALUES(597,25,23);
INSERT INTO "surcos_detectados_parcelas" VALUES(598,26,23);
INSERT INTO "surcos_detectados_parcelas" VALUES(599,1,24);
INSERT INTO "surcos_detectados_parcelas" VALUES(600,2,24);
INSERT INTO "surcos_detectados_parcelas" VALUES(601,3,24);
INSERT INTO "surcos_detectados_parcelas" VALUES(602,4,24);
INSERT INTO "surcos_detectados_parcelas" VALUES(603,5,24);
INSERT INTO "surcos_detectados_parcelas" VALUES(604,6,24);
INSERT INTO "surcos_detectados_parcelas" VALUES(605,7,24);
INSERT INTO "surcos_detectados_parcelas" VALUES(606,8,24);
INSERT INTO "surcos_detectados_parcelas" VALUES(607,9,24);
INSERT INTO "surcos_detectados_parcelas" VALUES(608,10,24);
INSERT INTO "surcos_detectados_parcelas" VALUES(609,11,24);
INSERT INTO "surcos_detectados_parcelas" VALUES(610,12,24);
INSERT INTO "surcos_detectados_parcelas" VALUES(611,13,24);
INSERT INTO "surcos_detectados_parcelas" VALUES(612,14,24);
INSERT INTO "surcos_detectados_parcelas" VALUES(613,15,24);
INSERT INTO "surcos_detectados_parcelas" VALUES(614,16,24);
INSERT INTO "surcos_detectados_parcelas" VALUES(615,17,24);
INSERT INTO "surcos_detectados_parcelas" VALUES(616,18,24);
INSERT INTO "surcos_detectados_parcelas" VALUES(617,19,24);
INSERT INTO "surcos_detectados_parcelas" VALUES(618,20,24);
INSERT INTO "surcos_detectados_parcelas" VALUES(619,21,24);
INSERT INTO "surcos_detectados_parcelas" VALUES(620,22,24);
INSERT INTO "surcos_detectados_parcelas" VALUES(621,23,24);
INSERT INTO "surcos_detectados_parcelas" VALUES(622,24,24);
INSERT INTO "surcos_detectados_parcelas" VALUES(623,25,24);
INSERT INTO "surcos_detectados_parcelas" VALUES(624,26,24);
INSERT INTO "surcos_detectados_parcelas" VALUES(625,1,25);
INSERT INTO "surcos_detectados_parcelas" VALUES(626,2,25);
INSERT INTO "surcos_detectados_parcelas" VALUES(627,3,25);
INSERT INTO "surcos_detectados_parcelas" VALUES(628,4,25);
INSERT INTO "surcos_detectados_parcelas" VALUES(629,5,25);
INSERT INTO "surcos_detectados_parcelas" VALUES(630,6,25);
INSERT INTO "surcos_detectados_parcelas" VALUES(631,7,25);
INSERT INTO "surcos_detectados_parcelas" VALUES(632,8,25);
INSERT INTO "surcos_detectados_parcelas" VALUES(633,9,25);
INSERT INTO "surcos_detectados_parcelas" VALUES(634,10,25);
INSERT INTO "surcos_detectados_parcelas" VALUES(635,11,25);
INSERT INTO "surcos_detectados_parcelas" VALUES(636,12,25);
INSERT INTO "surcos_detectados_parcelas" VALUES(637,13,25);
INSERT INTO "surcos_detectados_parcelas" VALUES(638,14,25);
INSERT INTO "surcos_detectados_parcelas" VALUES(639,15,25);
INSERT INTO "surcos_detectados_parcelas" VALUES(640,16,25);
INSERT INTO "surcos_detectados_parcelas" VALUES(641,17,25);
INSERT INTO "surcos_detectados_parcelas" VALUES(642,18,25);
INSERT INTO "surcos_detectados_parcelas" VALUES(643,19,25);
INSERT INTO "surcos_detectados_parcelas" VALUES(644,20,25);
INSERT INTO "surcos_detectados_parcelas" VALUES(645,21,25);
INSERT INTO "surcos_detectados_parcelas" VALUES(646,22,25);
INSERT INTO "surcos_detectados_parcelas" VALUES(647,23,25);
INSERT INTO "surcos_detectados_parcelas" VALUES(648,24,25);
INSERT INTO "surcos_detectados_parcelas" VALUES(649,25,25);
INSERT INTO "surcos_detectados_parcelas" VALUES(650,26,25);
INSERT INTO "surcos_detectados_parcelas" VALUES(651,1,26);
INSERT INTO "surcos_detectados_parcelas" VALUES(652,2,26);
INSERT INTO "surcos_detectados_parcelas" VALUES(653,3,26);
INSERT INTO "surcos_detectados_parcelas" VALUES(654,4,26);
INSERT INTO "surcos_detectados_parcelas" VALUES(655,5,26);
INSERT INTO "surcos_detectados_parcelas" VALUES(656,6,26);
INSERT INTO "surcos_detectados_parcelas" VALUES(657,7,26);
INSERT INTO "surcos_detectados_parcelas" VALUES(658,8,26);
INSERT INTO "surcos_detectados_parcelas" VALUES(659,9,26);
INSERT INTO "surcos_detectados_parcelas" VALUES(660,10,26);
INSERT INTO "surcos_detectados_parcelas" VALUES(661,11,26);
INSERT INTO "surcos_detectados_parcelas" VALUES(662,12,26);
INSERT INTO "surcos_detectados_parcelas" VALUES(663,13,26);
INSERT INTO "surcos_detectados_parcelas" VALUES(664,14,26);
INSERT INTO "surcos_detectados_parcelas" VALUES(665,15,26);
INSERT INTO "surcos_detectados_parcelas" VALUES(666,16,26);
INSERT INTO "surcos_detectados_parcelas" VALUES(667,17,26);
INSERT INTO "surcos_detectados_parcelas" VALUES(668,18,26);
INSERT INTO "surcos_detectados_parcelas" VALUES(669,19,26);
INSERT INTO "surcos_detectados_parcelas" VALUES(670,20,26);
INSERT INTO "surcos_detectados_parcelas" VALUES(671,21,26);
INSERT INTO "surcos_detectados_parcelas" VALUES(672,22,26);
INSERT INTO "surcos_detectados_parcelas" VALUES(673,23,26);
INSERT INTO "surcos_detectados_parcelas" VALUES(674,24,26);
INSERT INTO "surcos_detectados_parcelas" VALUES(675,25,26);
INSERT INTO "surcos_detectados_parcelas" VALUES(676,26,26);
INSERT INTO "surcos_detectados_parcelas" VALUES(677,1,27);
INSERT INTO "surcos_detectados_parcelas" VALUES(678,2,27);
INSERT INTO "surcos_detectados_parcelas" VALUES(679,3,27);
INSERT INTO "surcos_detectados_parcelas" VALUES(680,4,27);
INSERT INTO "surcos_detectados_parcelas" VALUES(681,5,27);
INSERT INTO "surcos_detectados_parcelas" VALUES(682,6,27);
INSERT INTO "surcos_detectados_parcelas" VALUES(683,7,27);
INSERT INTO "surcos_detectados_parcelas" VALUES(684,8,27);
INSERT INTO "surcos_detectados_parcelas" VALUES(685,9,27);
INSERT INTO "surcos_detectados_parcelas" VALUES(686,10,27);
INSERT INTO "surcos_detectados_parcelas" VALUES(687,11,27);
INSERT INTO "surcos_detectados_parcelas" VALUES(688,12,27);
INSERT INTO "surcos_detectados_parcelas" VALUES(689,13,27);
INSERT INTO "surcos_detectados_parcelas" VALUES(690,14,27);
INSERT INTO "surcos_detectados_parcelas" VALUES(691,15,27);
INSERT INTO "surcos_detectados_parcelas" VALUES(692,16,27);
INSERT INTO "surcos_detectados_parcelas" VALUES(693,17,27);
INSERT INTO "surcos_detectados_parcelas" VALUES(694,18,27);
INSERT INTO "surcos_detectados_parcelas" VALUES(695,19,27);
INSERT INTO "surcos_detectados_parcelas" VALUES(696,20,27);
INSERT INTO "surcos_detectados_parcelas" VALUES(697,21,27);
INSERT INTO "surcos_detectados_parcelas" VALUES(698,22,27);
INSERT INTO "surcos_detectados_parcelas" VALUES(699,23,27);
INSERT INTO "surcos_detectados_parcelas" VALUES(700,24,27);
INSERT INTO "surcos_detectados_parcelas" VALUES(701,25,27);
INSERT INTO "surcos_detectados_parcelas" VALUES(702,26,27);
INSERT INTO "surcos_detectados_parcelas" VALUES(703,1,28);
INSERT INTO "surcos_detectados_parcelas" VALUES(704,2,28);
INSERT INTO "surcos_detectados_parcelas" VALUES(705,3,28);
INSERT INTO "surcos_detectados_parcelas" VALUES(706,4,28);
INSERT INTO "surcos_detectados_parcelas" VALUES(707,5,28);
INSERT INTO "surcos_detectados_parcelas" VALUES(708,6,28);
INSERT INTO "surcos_detectados_parcelas" VALUES(709,7,28);
INSERT INTO "surcos_detectados_parcelas" VALUES(710,8,28);
INSERT INTO "surcos_detectados_parcelas" VALUES(711,9,28);
INSERT INTO "surcos_detectados_parcelas" VALUES(712,10,28);
INSERT INTO "surcos_detectados_parcelas" VALUES(713,11,28);
INSERT INTO "surcos_detectados_parcelas" VALUES(714,12,28);
INSERT INTO "surcos_detectados_parcelas" VALUES(715,13,28);
INSERT INTO "surcos_detectados_parcelas" VALUES(716,14,28);
INSERT INTO "surcos_detectados_parcelas" VALUES(717,15,28);
INSERT INTO "surcos_detectados_parcelas" VALUES(718,16,28);
INSERT INTO "surcos_detectados_parcelas" VALUES(719,17,28);
INSERT INTO "surcos_detectados_parcelas" VALUES(720,18,28);
INSERT INTO "surcos_detectados_parcelas" VALUES(721,19,28);
INSERT INTO "surcos_detectados_parcelas" VALUES(722,20,28);
INSERT INTO "surcos_detectados_parcelas" VALUES(723,21,28);
INSERT INTO "surcos_detectados_parcelas" VALUES(724,22,28);
INSERT INTO "surcos_detectados_parcelas" VALUES(725,23,28);
INSERT INTO "surcos_detectados_parcelas" VALUES(726,24,28);
INSERT INTO "surcos_detectados_parcelas" VALUES(727,25,28);
INSERT INTO "surcos_detectados_parcelas" VALUES(728,26,28);
COMMIT;
